"counts","density","mids"
48567,0.0999835306227483,5
8,1.64693772516727e-05,15
0,0,25
