"counts","density","mids"
19757,0.0999898780302647,5
2,1.01219697353105e-05,15
0,0,25
