"counts","density","mids"
203286,0.0999995080846291,5
1,4.91915370879594e-07,15
0,0,25
