"counts","density","mids"
71885,0.0999193806207692,5
54,7.50594220424503e-05,15
4,5.55995718832965e-06,25
