"counts","density","mids"
29955,0.0999766370736266,5
7,2.33629263734063e-05,15
0,0,25
