"counts","density","mids"
14039,0.0999715160578224,5
4,2.84839421775974e-05,15
0,0,25
